station_id,date,temp_c,snow_depth_cm,wind_kph,precip_mm
ST1,2026-01-01,-3.9,32.4,32.1,0.0
ST1,2026-01-02,0.9,30.9,1.1,0.0
ST1,2026-01-03,-2.9,53.5,0.2,2.4
ST1,2026-01-04,-2.6,52.0,29.0,0.0
ST1,2026-01-05,0.6,50.5,45.2,0.0
ST1,2026-01-06,,49.0,21.5,0.0
ST1,2026-01-07,1.2,47.5,47.2,0.0
ST1,2026-01-08,5.2,46.0,35.0,0.0
ST1,2026-01-09,-0.2,57.7,11.3,1.3
ST1,2026-01-10,1.4,78.0,28.8,2.2
ST1,2026-01-11,-2.1,76.5,44.3,0.0
ST1,2026-01-12,-0.8,75.0,22.0,0.0
ST1,2026-01-13,1.0,73.5,31.4,0.0
ST1,2026-01-14,-2.6,72.0,1.4,0.0
ST1,2026-01-15,-7.3,70.5,21.4,0.0
ST1,2026-01-16,-5.2,76.8,8.8,0.8
ST1,2026-01-17,-7.8,75.3,22.9,0.0
ST1,2026-01-18,999,73.8,7.5,0.0
ST1,2026-01-19,-6.4,72.3,30.6,0.0
ST1,2026-01-20,-4.5,78.1,31.8,0.7
ST1,2026-01-21,-5.6,76.6,29.0,0.0
ST1,2026-01-22,-6.6,75.1,17.9,0.0
ST1,2026-01-23,-5.3,73.6,26.3,0.0
ST1,2026-01-24,-4.2,80.1,22.1,0.8
ST1,2026-01-25,-4.2,78.6,57.4,0.0
ST1,2026-01-26,-2.8,77.1,13.1,0.0
ST1,2026-01-27,-1.0,75.6,10.0,0.0
ST1,2026-01-28,-1.0,74.1,10.0,0.0
ST1,2026-01-29,-1.0,76.7,10.0,0.0
ST1,2026-01-30,-1.0,75.2,10.0,0.0
ST2,2026-01-01,-5.3,36.0,62.2,1.5
ST2,2026-01-02,-5.0,54.3,4.7,2.0
ST2,2026-01-03,-3.4,67.3,24.6,1.4
ST2,2026-01-04,1.2,65.8,19.3,0.0
ST2,2026-01-05,-2.4,64.3,5.4,0.0
ST2,2026-01-06,0.9,62.8,29.3,0.0
ST2,2026-01-07,1.4,61.3,27.2,0.0
ST2,2026-01-08,-1.8,62.9,25.8,0.3
ST2,2026-01-09,-0.4,69.5,1.0,0.8
ST2,2026-01-10,-1.9,68.0,9.3,0.0
ST2,2026-01-11,-2.9,-5,5.4,0.0
ST2,2026-01-12,-3.9,65.0,28.0,0.0
ST2,2026-01-13,0.5,63.5,5.7,0.0
ST2,2026-01-14,-4.8,68.6,41.8,0.7
ST2,2026-01-15,-4.9,67.1,27.0,0.0
ST2,2026-01-16,-7.0,65.6,11.8,0.0
ST2,2026-01-17,-7.1,64.1,20.2,0.0
ST2,2026-01-18,-7.5,75.1,29.5,1.3
ST2,2026-01-19,-5.8,97.8,4.3,2.4
ST2,2026-01-20,-4.2,96.3,19.9,0.0
ST2,2026-01-21,-7.0,98.7,4.2,0.4
ST2,2026-01-22,-5.6,97.2,15.5,0.0
ST2,2026-01-23,-7.6,95.7,7.8,0.0
ST2,2026-01-24,-6.7,104.8,38.1,1.1
ST2,2026-01-25,-5.8,103.3,38.9,0.0
ST2,2026-01-26,-2.4,125.6,3.7,2.4
ST2,2026-01-27,-12.0,124.1,55.0,0.0
ST2,2026-01-28,-12.0,122.6,55.0,0.0
ST2,2026-01-29,-12.0,121.1,55.0,0.0
ST2,2026-01-30,-12.0,119.6,55.0,0.0
ST3,2026-01-01,-1.7,43.5,36.9,0.0
ST3,2026-01-02,-4.3,42.0,28.2,0.0
ST3,2026-01-03,-1.7,64.9,400,2.4
ST3,2026-01-04,-0.6,78.5,18.0,1.5
ST3,2026-01-05,2.8,77.0,11.9,0.0
ST3,2026-01-06,-1.8,96.9,20.2,2.1
ST3,2026-01-07,1.0,95.4,46.3,0.0
ST3,2026-01-08,1.6,93.9,37.7,0.0
ST3,2026-01-09,3.3,92.4,12.1,0.0
ST3,2026-01-10,1.7,90.9,11.5,0.0
ST3,2026-01-11,-4.1,89.4,36.6,0.0
ST3,2026-01-12,-0.2,87.9,9.7,0.0
ST3,2026-01-13,0.4,102.3,19.9,1.6
ST3,2026-01-14,-4.3,115.6,34.7,1.5
ST3,2026-01-15,-5.6,114.1,23.4,0.0
ST3,2026-01-16,-6.1,131.0,15.5,1.8
ST3,2026-01-17,-2.3,129.5,26.3,0.0
ST3,2026-01-18,-5.3,128.0,7.2,0.0
ST3,2026-01-19,-4.0,126.5,15.5,0.0
ST3,2026-01-20,-4.2,125.0,23.8,0.0
ST3,2026-01-21,-3.5,123.5,0.8,0.0
ST3,2026-01-22,-8.1,122.0,17.5,0.0
ST3,2026-01-23,-7.7,120.5,30.9,0.0
ST3,2026-01-24,-2.7,132.3,17.6,1.3
ST3,2026-01-25,-5.9,130.8,2.1,0.0
ST3,2026-01-26,-1.4,129.3,9.4,0.0
ST3,2026-01-27,-18.0,40.0,35.0,12.0
ST3,2026-01-28,-18.0,55.0,35.0,12.0
ST3,2026-01-29,-18.0,75.0,35.0,12.0
ST3,2026-01-30,-18.0,95.0,35.0,12.0
ST1,2026-01-11,-2.1,76.5,44.3,0.0
ST9,2026-01-05,-3,10,12,0
