trail_id,seq,lat,lon,elev_m
T1,0,40.69,-111.7,1710.0
T1,1,40.689308,-111.701095,1726.9
T1,2,40.688664,-111.702241,1729.9
T1,3,40.687864,-111.703199,1742.6
T1,4,40.687213,-111.704337,1753.6
T1,5,40.686692,-111.705587,1764.1
T1,6,40.686127,-111.706802,1780.1
T1,7,40.685652,-111.708083,1789.8
T1,8,40.685045,-111.709262,1796.4
T1,9,40.684185,-111.710126,1807.2
T1,10,40.683628,-111.711348,1814.2
T1,11,40.683016,-111.712524,1833.1
T1,12,40.682689,-111.713882,1845.1
T1,13,40.682313,-111.715219,1860.0
T1,14,40.682289,-111.716644,1866.1
T1,15,40.681945,-111.717995,1871.7
T1,16,40.681567,-111.719331,1881.5
T1,17,40.681399,-111.720739,1889.6
T1,18,40.680854,-111.72197,1894.7
T1,19,40.680053,-111.722927,1902.3
T1,20,40.679078,-111.723543,1913.6
T1,21,40.67818,-111.724337,1925.7
T1,22,40.67727,-111.725107,1938.0
T1,23,40.676366,-111.725888,1954.1
T1,24,40.675432,-111.726607,1967.5
T1,25,40.674435,-111.727156,1981.1
T1,26,40.673455,-111.72776,1989.3
T1,27,40.67264,-111.728695,1998.3
T1,28,40.671758,-111.72952,2006.4
T1,29,40.670866,-111.730325,2025.2
T1,30,40.669795,-111.730525,2031.8
T1,31,40.668715,-111.730483,2035.2
T1,32,40.667653,-111.730213,2042.9
T1,33,40.666587,-111.729978,2054.1
T1,34,40.665506,-111.729996,2067.3
T1,35,40.664425,-111.729991,2074.9
T1,36,40.663428,-111.730543,2090.8
T1,37,40.662388,-111.730933,2106.7
T1,38,40.661312,-111.730803,2118.0
T1,39,40.660264,-111.73045,2133.7
T1,40,40.659215,-111.730105,2149.4
T1,41,40.658172,-111.72973,2157.5
T1,42,40.657096,-111.729591,2181.6
T1,43,40.656016,-111.729651,2192.0
T1,44,40.654936,-111.72958,2203.1
T2,0,40.61,-111.76,1725.4
T2,1,40.609046,-111.759331,1737.9
T2,2,40.607994,-111.759003,1749.1
T2,3,40.606929,-111.759254,1762.2
T2,4,40.605986,-111.75995,1770.3
T2,5,40.604991,-111.760508,1788.7
T2,6,40.603984,-111.761024,1804.0
T2,7,40.603058,-111.761758,1819.5
T2,8,40.601978,-111.761821,1830.0
T2,9,40.60091,-111.762049,1842.6
T2,10,40.59983,-111.76209,1851.0
T2,11,40.59883,-111.762632,1869.1
T2,12,40.597798,-111.763054,1880.2
T2,13,40.59674,-111.763347,1887.9
T2,14,40.595687,-111.763669,1895.7
T2,15,40.594646,-111.764054,1908.4
T2,16,40.593677,-111.764686,1922.1
T2,17,40.593037,-111.765833,1929.5
T2,18,40.592669,-111.767172,1943.5
T2,19,40.592276,-111.768498,1949.4
T2,20,40.592268,-111.769922,1964.4
T2,21,40.592483,-111.771317,1979.8
T2,22,40.593022,-111.772551,1990.4
T2,23,40.593571,-111.773778,2003.8
T2,24,40.59386,-111.77515,2024.5
T2,25,40.594108,-111.776536,2038.4
T2,26,40.594219,-111.777952,2049.5
T2,27,40.593977,-111.779339,2065.4
T2,28,40.593793,-111.780742,2077.9
T2,29,40.593935,-111.782154,2092.3
T2,30,40.593826,-111.78357,2106.9
T2,31,40.593833,-111.784994,2124.1
T2,32,40.593682,-111.786403,2139.5
T2,33,40.593551,-111.787817,2154.6
T2,34,40.593707,-111.789225,2175.8
T2,35,40.593927,-111.790619,2187.3
T2,36,40.594201,-111.791996,2205.8
T2,37,40.5945,-111.793365,2220.6
T2,38,40.594824,-111.794723,2231.1
T2,39,40.595393,-111.795933,2245.0
T2,40,40.595601,-111.79733,2255.2
T2,41,40.59586,-111.798713,2270.2
T2,42,40.596304,-111.80001,2284.9
T2,43,40.596535,-111.801401,2291.6
T2,44,40.596723,-111.802803,2304.1
T3,0,40.6,-111.64,1799.5
T3,1,40.600698,-111.641088,1809.6
T3,2,40.60121,-111.642341,1821.4
T3,3,40.601695,-111.643614,1828.2
T3,4,40.602363,-111.644733,1833.1
T3,5,40.603166,-111.645687,1846.7
T3,6,40.604247,-111.645654,1846.4
T3,7,40.605277,-111.645224,1851.8
T3,8,40.606124,-111.644338,1864.6
T3,9,40.606883,-111.643324,1877.3
T3,10,40.607604,-111.642264,1887.5
T3,11,40.60816,-111.641042,1896.0
T3,12,40.608557,-111.639718,1900.5
T3,13,40.608904,-111.638369,1914.0
T3,14,40.609674,-111.637369,1922.7
T3,15,40.610217,-111.636138,1929.2
T3,16,40.610782,-111.634924,1948.1
T3,17,40.611486,-111.633843,1954.5
T3,18,40.612359,-111.633002,1961.9
T3,19,40.613232,-111.632163,1968.4
T3,20,40.61422,-111.631587,1975.3
T3,21,40.615174,-111.630916,1983.7
T3,22,40.616082,-111.630143,1997.4
T3,23,40.61692,-111.629243,2003.6
T3,24,40.617804,-111.628422,2018.2
T3,25,40.618445,-111.627276,2032.4
T3,26,40.61908,-111.626124,2038.3
T3,27,40.619847,-111.625119,2044.7
T3,28,40.620762,-111.62436,2052.4
T3,29,40.621594,-111.623451,2058.3
T3,30,40.622449,-111.622579,2070.8
T3,31,40.623439,-111.622009,2082.9
T3,32,40.624453,-111.621514,2090.2
T3,33,40.625466,-111.621017,2102.7
T3,34,40.626473,-111.621535,2111.5
T3,35,40.627509,-111.621942,2123.3
T3,36,40.628556,-111.622298,2128.8
T3,37,40.629626,-111.622096,2134.9
T3,38,40.630663,-111.621691,2150.1
T3,39,40.631609,-111.621001,2153.6
T3,40,40.632595,-111.620417,2161.9
T3,41,40.633403,-111.61947,2171.1
T3,42,40.633881,-111.618193,2185.5
T3,43,40.634449,-111.61698,2193.5
T3,44,40.634917,-111.615696,2203.6
T4,0,40.585,-111.63,1987.0
T4,1,40.584145,-111.630871,1993.8
T4,2,40.583223,-111.631615,2003.5
T4,3,40.582147,-111.631751,2011.1
T4,4,40.581078,-111.631962,2021.7
T4,5,40.579997,-111.63196,2030.9
T4,6,40.578984,-111.63246,2037.6
T4,7,40.577938,-111.632815,2041.6
T4,8,40.576887,-111.63315,2050.9
T4,9,40.57583,-111.633448,2063.8
T4,10,40.574936,-111.634249,2070.0
T4,11,40.574194,-111.635284,2074.5
T4,12,40.573569,-111.636445,2085.2
T4,13,40.573003,-111.637658,2102.3
T4,14,40.572297,-111.638736,2103.8
T4,15,40.571693,-111.639917,2111.2
T4,16,40.571197,-111.641181,2122.2
T4,17,40.570701,-111.642446,2123.1
T4,18,40.570286,-111.643759,2135.2
T4,19,40.569642,-111.644903,2151.9
T4,20,40.569257,-111.646233,2152.8
T4,21,40.56927,-111.647656,2154.2
T4,22,40.569458,-111.649058,2164.3
T4,23,40.569987,-111.650298,2181.4
T4,24,40.570279,-111.651669,2182.9
T4,25,40.570707,-111.652975,2189.0
T4,26,40.571196,-111.654245,2196.2
T4,27,40.571707,-111.655499,2199.6
T4,28,40.572468,-111.65651,2215.9
T4,29,40.573278,-111.657453,2225.9
T4,30,40.573952,-111.658566,2232.2
T4,31,40.574662,-111.65964,2241.6
T4,32,40.575475,-111.660577,2257.7
T4,33,40.576132,-111.661707,2266.2
T4,34,40.576923,-111.662678,2272.1
T4,35,40.577608,-111.66378,2280.6
T4,36,40.578483,-111.664614,2288.9
T4,37,40.579416,-111.665334,2297.5
T4,38,40.580411,-111.665891,2305.9
T4,39,40.581461,-111.666231,2317.6
T4,40,40.582539,-111.666327,2323.2
T4,41,40.583616,-111.666458,2329.4
T4,42,40.584652,-111.666863,2341.9
T4,43,40.585603,-111.66754,2357.2
T4,44,40.58655,-111.668228,2366.4
T5,0,40.66,-111.51,1968.3
T5,1,40.659945,-111.511423,1983.1
T5,2,40.660191,-111.512811,1998.4
T5,3,40.660344,-111.514222,2005.5
T5,4,40.660699,-111.515568,2021.0
T5,5,40.660996,-111.516938,2035.5
T5,6,40.661104,-111.518356,2049.8
T5,7,40.661179,-111.519778,2066.6
T5,8,40.660791,-111.521108,2071.2
T5,9,40.660211,-111.522311,2081.2
T5,10,40.659515,-111.523401,2093.4
T5,11,40.658815,-111.524487,2109.9
T5,12,40.658073,-111.525524,2119.3
T5,13,40.65715,-111.526266,2132.6
T5,14,40.656126,-111.526723,2149.3
T5,15,40.655122,-111.527251,2157.4
T5,16,40.654284,-111.528152,2171.1
T5,17,40.653476,-111.529098,2182.9
T5,18,40.652494,-111.529694,2201.5
T5,19,40.651443,-111.530024,2207.8
T5,20,40.650391,-111.530358,2222.7
T5,21,40.649346,-111.530722,2235.5
T5,22,40.648356,-111.531294,2249.0
T5,23,40.647275,-111.53131,2263.1
T5,24,40.646217,-111.5316,2273.5
T5,25,40.645142,-111.531757,2281.3
T5,26,40.644062,-111.531799,2299.5
T5,27,40.642982,-111.531858,2312.0
T5,28,40.641982,-111.5324,2322.4
T5,29,40.640987,-111.532959,2335.8
T5,30,40.63995,-111.533362,2346.8
T5,31,40.639018,-111.534083,2360.0
T5,32,40.638179,-111.534981,2368.7
T5,33,40.637438,-111.536018,2375.4
T5,34,40.636778,-111.537147,2387.3
T5,35,40.636381,-111.538472,2396.9
T5,36,40.636429,-111.539895,2405.1
T5,37,40.636205,-111.541289,2417.1
T5,38,40.635591,-111.542462,2426.9
T5,39,40.634664,-111.543194,2434.6
T5,40,40.633731,-111.543916,2449.9
T5,41,40.632794,-111.544625,2457.0
T5,42,40.631758,-111.545033,2468.6
T5,43,40.630677,-111.545031,2482.4
T5,44,40.629596,-111.545011,2497.8
T6,0,40.645,-111.49,1792.5
T6,1,40.645698,-111.488911,1810.0
T6,2,40.646412,-111.487842,1831.6
T6,3,40.647286,-111.487003,1851.9
T6,4,40.648231,-111.486312,1874.9
T6,5,40.649306,-111.486157,1890.7
T6,6,40.650371,-111.486399,1904.2
T6,7,40.651451,-111.486326,1923.4
T6,8,40.652531,-111.486277,1947.6
T6,9,40.653596,-111.486525,1958.6
T6,10,40.654666,-111.486327,1980.8
T6,11,40.655733,-111.48656,1998.1
T6,12,40.656712,-111.487163,2019.7
T6,13,40.657704,-111.487731,2039.0
T6,14,40.658674,-111.48836,2063.0
T6,15,40.659554,-111.489187,2083.3
T6,16,40.660365,-111.49013,2102.6
T6,17,40.661094,-111.491182,2120.8
T6,18,40.661795,-111.492267,2142.9
T6,19,40.662307,-111.493523,2162.7
T6,20,40.663074,-111.494527,2184.9
T6,21,40.663949,-111.495364,2205.0
T6,22,40.66493,-111.495964,2227.4
T6,23,40.66593,-111.496505,2242.4
T6,24,40.666936,-111.497027,2253.7
T6,25,40.667943,-111.497543,2274.2
T6,26,40.668951,-111.49806,2293.7
T6,27,40.670025,-111.49822,2312.6
T6,28,40.671103,-111.498103,2325.8
T6,29,40.672174,-111.498291,2339.2
T6,30,40.673195,-111.498761,2357.3
T6,31,40.674254,-111.499048,2376.4
T6,32,40.675331,-111.499166,2399.6
T6,33,40.676402,-111.498974,2417.3
T6,34,40.677483,-111.498974,2429.7
T6,35,40.678558,-111.499132,2453.4
T6,36,40.679638,-111.49909,2470.3
T6,37,40.680719,-111.499049,2479.8
T6,38,40.681765,-111.498686,2499.2
T6,39,40.682799,-111.498273,2523.7
T6,40,40.683864,-111.498025,2541.5
T6,41,40.684869,-111.497499,2558.8
T6,42,40.68588,-111.496997,2572.5
T6,43,40.686927,-111.49664,2595.5
T6,44,40.687854,-111.495905,2610.0
